"","CORES","race","YOB","deaths","births","COUNTY","mortality"
"1",1,"Black",2011,2,344,"ALAMANCE",5.81395348837209
"2",1,"Black",2012,10,358,"ALAMANCE",27.9329608938547
"3",1,"Black",2013,7,397,"ALAMANCE",17.632241813602
"4",1,"Black",2014,6,387,"ALAMANCE",15.5038759689922
"5",1,"Black",2015,7,393,"ALAMANCE",17.8117048346056
"6",1,"Black",2016,3,398,"ALAMANCE",7.53768844221105
"7",1,"Hispanic",2011,1,362,"ALAMANCE",2.76243093922652
"8",1,"Hispanic",2012,1,381,"ALAMANCE",2.6246719160105
"9",1,"Hispanic",2013,1,356,"ALAMANCE",2.80898876404494
"10",1,"Hispanic",2014,3,355,"ALAMANCE",8.45070422535211
"11",1,"Hispanic",2015,3,379,"ALAMANCE",7.9155672823219
"12",1,"Hispanic",2016,4,391,"ALAMANCE",10.230179028133
"13",1,"Other Non-White",2013,1,33,"ALAMANCE",30.3030303030303
"14",1,"White",2011,8,932,"ALAMANCE",8.58369098712446
"15",1,"White",2012,4,977,"ALAMANCE",4.09416581371546
"16",1,"White",2013,9,998,"ALAMANCE",9.01803607214429
"17",1,"White",2014,10,978,"ALAMANCE",10.2249488752556
"18",1,"White",2015,4,967,"ALAMANCE",4.13650465356774
"19",1,"White",2016,6,1018,"ALAMANCE",5.89390962671906
"20",10,"Black",2011,1,140,"BRUNSWICK",7.14285714285714
"21",10,"Black",2012,3,128,"BRUNSWICK",23.4375
"22",10,"Black",2013,1,144,"BRUNSWICK",6.94444444444444
"23",10,"Black",2014,1,131,"BRUNSWICK",7.63358778625954
"24",10,"Black",2016,2,131,"BRUNSWICK",15.2671755725191
"25",10,"Hispanic",2016,2,104,"BRUNSWICK",19.2307692307692
"26",10,"White",2011,7,795,"BRUNSWICK",8.80503144654088
"27",10,"White",2012,7,796,"BRUNSWICK",8.79396984924623
"28",10,"White",2013,7,749,"BRUNSWICK",9.34579439252336
"29",10,"White",2014,3,863,"BRUNSWICK",3.47624565469293
"30",10,"White",2015,2,784,"BRUNSWICK",2.55102040816327
"31",10,"White",2016,5,721,"BRUNSWICK",6.93481276005548
"32",100,"White",2011,3,146,"YANCEY ",20.5479452054795
"33",100,"White",2012,2,159,"YANCEY ",12.5786163522013
"34",100,"White",2015,1,156,"YANCEY ",6.41025641025641
"35",11,"Black",2011,1,199,"BUNCOMBE",5.0251256281407
"36",11,"Black",2012,1,218,"BUNCOMBE",4.58715596330275
"37",11,"Black",2013,5,223,"BUNCOMBE",22.4215246636771
"38",11,"Black",2014,6,214,"BUNCOMBE",28.0373831775701
"39",11,"Black",2015,4,201,"BUNCOMBE",19.9004975124378
"40",11,"Black",2016,2,198,"BUNCOMBE",10.1010101010101
"41",11,"Hispanic",2011,1,258,"BUNCOMBE",3.87596899224806
"42",11,"Hispanic",2012,1,267,"BUNCOMBE",3.74531835205992
"43",11,"Hispanic",2013,1,299,"BUNCOMBE",3.34448160535117
"44",11,"Hispanic",2014,3,275,"BUNCOMBE",10.9090909090909
"45",11,"Hispanic",2015,1,289,"BUNCOMBE",3.46020761245675
"46",11,"Hispanic",2016,4,310,"BUNCOMBE",12.9032258064516
"47",11,"Other Non-White",2015,2,61,"BUNCOMBE",32.7868852459016
"48",11,"White",2011,11,2028,"BUNCOMBE",5.42406311637081
"49",11,"White",2012,11,2048,"BUNCOMBE",5.37109375
"50",11,"White",2013,21,2076,"BUNCOMBE",10.1156069364162
"51",11,"White",2014,8,2031,"BUNCOMBE",3.93894633185623
"52",11,"White",2015,5,2074,"BUNCOMBE",2.41080038572806
"53",11,"White",2016,9,2034,"BUNCOMBE",4.42477876106195
"54",12,"Black",2011,1,44,"BURKE ",22.7272727272727
"55",12,"Black",2015,1,43,"BURKE ",23.2558139534884
"56",12,"Hispanic",2011,1,102,"BURKE ",9.80392156862745
"57",12,"Hispanic",2014,3,118,"BURKE ",25.4237288135593
"58",12,"Hispanic",2015,1,100,"BURKE ",10
"59",12,"Hispanic",2016,1,114,"BURKE ",8.7719298245614
"60",12,"White",2011,5,654,"BURKE ",7.64525993883792
"61",12,"White",2012,4,668,"BURKE ",5.98802395209581
"62",12,"White",2013,2,630,"BURKE ",3.17460317460317
"63",12,"White",2014,7,658,"BURKE ",10.6382978723404
"64",12,"White",2015,5,680,"BURKE ",7.35294117647059
"65",12,"White",2016,4,676,"BURKE ",5.91715976331361
"66",13,"Black",2011,1,365,"CABARRUS",2.73972602739726
"67",13,"Black",2012,5,405,"CABARRUS",12.3456790123457
"68",13,"Black",2013,4,402,"CABARRUS",9.9502487562189
"69",13,"Black",2014,2,400,"CABARRUS",5
"70",13,"Black",2015,8,422,"CABARRUS",18.957345971564
"71",13,"Black",2016,4,443,"CABARRUS",9.0293453724605
"72",13,"Hispanic",2011,2,411,"CABARRUS",4.8661800486618
"73",13,"Hispanic",2012,1,390,"CABARRUS",2.56410256410256
"74",13,"Hispanic",2013,1,379,"CABARRUS",2.63852242744063
"75",13,"Hispanic",2014,2,409,"CABARRUS",4.88997555012225
"76",13,"Hispanic",2015,2,430,"CABARRUS",4.65116279069767
"77",13,"Hispanic",2016,1,424,"CABARRUS",2.35849056603774
"78",13,"Other Non-White",2013,1,85,"CABARRUS",11.7647058823529
"79",13,"Other Non-White",2015,1,143,"CABARRUS",6.99300699300699
"80",13,"White",2011,7,1435,"CABARRUS",4.8780487804878
"81",13,"White",2012,4,1373,"CABARRUS",2.91332847778587
"82",13,"White",2013,8,1446,"CABARRUS",5.53250345781466
"83",13,"White",2014,10,1422,"CABARRUS",7.0323488045007
"84",13,"White",2015,5,1463,"CABARRUS",3.41763499658237
"85",13,"White",2016,9,1447,"CABARRUS",6.21976503109883
"86",14,"Black",2013,1,48,"CALDWELL",20.8333333333333
"87",14,"Hispanic",2011,1,74,"CALDWELL",13.5135135135135
"88",14,"Hispanic",2014,1,67,"CALDWELL",14.9253731343284
"89",14,"Hispanic",2015,1,69,"CALDWELL",14.4927536231884
"90",14,"Hispanic",2016,2,62,"CALDWELL",32.258064516129
"91",14,"White",2011,4,681,"CALDWELL",5.87371512481645
"92",14,"White",2012,6,678,"CALDWELL",8.84955752212389
"93",14,"White",2013,3,675,"CALDWELL",4.44444444444444
"94",14,"White",2014,11,710,"CALDWELL",15.4929577464789
"95",14,"White",2015,6,678,"CALDWELL",8.84955752212389
"96",14,"White",2016,2,707,"CALDWELL",2.82885431400283
"97",15,"White",2011,1,71,"CAMDEN",14.0845070422535
"98",16,"Black",2013,1,32,"CARTERET",31.25
"99",16,"Black",2014,1,37,"CARTERET",27.027027027027
"100",16,"Black",2016,2,35,"CARTERET",57.1428571428571
"101",16,"Hispanic",2011,1,47,"CARTERET",21.2765957446809
"102",16,"Hispanic",2013,1,62,"CARTERET",16.1290322580645
"103",16,"Hispanic",2015,1,41,"CARTERET",24.390243902439
"104",16,"White",2011,3,524,"CARTERET",5.72519083969466
"105",16,"White",2012,5,512,"CARTERET",9.765625
"106",16,"White",2013,4,547,"CARTERET",7.31261425959781
"107",16,"White",2014,2,485,"CARTERET",4.12371134020619
"108",16,"White",2015,3,524,"CARTERET",5.72519083969466
"109",16,"White",2016,2,451,"CARTERET",4.43458980044346
"110",17,"Black",2011,2,64,"CASWELL",31.25
"111",17,"Black",2014,3,70,"CASWELL",42.8571428571429
"112",17,"Black",2015,1,56,"CASWELL",17.8571428571429
"113",17,"White",2011,2,153,"CASWELL",13.0718954248366
"114",18,"Black",2011,3,186,"CATAWBA",16.1290322580645
"115",18,"Black",2012,2,189,"CATAWBA",10.5820105820106
"116",18,"Black",2013,2,153,"CATAWBA",13.0718954248366
"117",18,"Black",2014,3,204,"CATAWBA",14.7058823529412
"118",18,"Black",2015,6,201,"CATAWBA",29.8507462686567
"119",18,"Black",2016,3,176,"CATAWBA",17.0454545454545
"120",18,"Hispanic",2011,3,285,"CATAWBA",10.5263157894737
"121",18,"Hispanic",2014,2,283,"CATAWBA",7.06713780918728
"122",18,"Hispanic",2016,1,286,"CATAWBA",3.4965034965035
"123",18,"Other Non-White",2012,1,142,"CATAWBA",7.04225352112676
"124",18,"Other Non-White",2014,1,140,"CATAWBA",7.14285714285714
"125",18,"Other Non-White",2015,3,138,"CATAWBA",21.7391304347826
"126",18,"Other Non-White",2016,1,134,"CATAWBA",7.46268656716418
"127",18,"White",2011,3,1177,"CATAWBA",2.54885301614274
"128",18,"White",2012,3,1217,"CATAWBA",2.46507806080526
"129",18,"White",2013,7,1107,"CATAWBA",6.32339656729901
"130",18,"White",2014,6,1179,"CATAWBA",5.08905852417303
"131",18,"White",2015,10,1143,"CATAWBA",8.74890638670166
"132",18,"White",2016,1,1068,"CATAWBA",0.936329588014981
"133",19,"Black",2013,2,75,"CHATHAM",26.6666666666667
"134",19,"Black",2014,2,86,"CHATHAM",23.2558139534884
"135",19,"Black",2015,1,74,"CHATHAM",13.5135135135135
"136",19,"Black",2016,2,75,"CHATHAM",26.6666666666667
"137",19,"Hispanic",2011,2,201,"CHATHAM",9.9502487562189
"138",19,"Hispanic",2012,2,198,"CHATHAM",10.1010101010101
"139",19,"Hispanic",2014,3,145,"CHATHAM",20.6896551724138
"140",19,"Hispanic",2015,3,163,"CHATHAM",18.4049079754601
"141",19,"Hispanic",2016,3,133,"CHATHAM",22.5563909774436
"142",19,"White",2011,3,365,"CHATHAM",8.21917808219178
"143",19,"White",2012,2,340,"CHATHAM",5.88235294117647
"144",19,"White",2013,3,346,"CHATHAM",8.67052023121387
"145",19,"White",2014,4,364,"CHATHAM",10.989010989011
"146",19,"White",2015,3,411,"CHATHAM",7.2992700729927
"147",19,"White",2016,4,408,"CHATHAM",9.80392156862745
"148",2,"Black",2011,1,13,"ALEXANDER",76.9230769230769
"149",2,"Hispanic",2012,1,29,"ALEXANDER",34.4827586206897
"150",2,"Other Non-White",2016,1,8,"ALEXANDER",125
"151",2,"White",2011,1,282,"ALEXANDER",3.54609929078014
"152",2,"White",2012,1,333,"ALEXANDER",3.003003003003
"153",2,"White",2013,1,311,"ALEXANDER",3.21543408360129
"154",2,"White",2014,1,296,"ALEXANDER",3.37837837837838
"155",2,"White",2015,1,302,"ALEXANDER",3.3112582781457
"156",2,"White",2016,5,296,"ALEXANDER",16.8918918918919
"157",20,"Hispanic",2013,1,16,"CHEROKEE",62.5
"158",20,"Hispanic",2014,1,8,"CHEROKEE",125
"159",20,"Hispanic",2015,1,10,"CHEROKEE",100
"160",20,"Other Non-White",2011,2,11,"CHEROKEE",181.818181818182
"161",20,"White",2011,1,208,"CHEROKEE",4.80769230769231
"162",20,"White",2012,1,194,"CHEROKEE",5.15463917525773
"163",20,"White",2013,1,178,"CHEROKEE",5.61797752808989
"164",20,"White",2014,2,190,"CHEROKEE",10.5263157894737
"165",20,"White",2015,1,192,"CHEROKEE",5.20833333333333
"166",20,"White",2016,1,235,"CHEROKEE",4.25531914893617
"167",21,"Black",2011,3,83,"CHOWAN",36.144578313253
"168",21,"Black",2015,2,77,"CHOWAN",25.974025974026
"169",21,"Hispanic",2013,1,13,"CHOWAN",76.9230769230769
"170",21,"White",2012,1,67,"CHOWAN",14.9253731343284
"171",21,"White",2014,1,75,"CHOWAN",13.3333333333333
"172",22,"Black",2015,1,1,"CLAY",1000
"173",22,"White",2011,1,66,"CLAY",15.1515151515152
"174",22,"White",2015,1,76,"CLAY",13.1578947368421
"175",23,"Black",2011,7,301,"CLEVELAND",23.2558139534884
"176",23,"Black",2012,6,274,"CLEVELAND",21.8978102189781
"177",23,"Black",2013,8,275,"CLEVELAND",29.0909090909091
"178",23,"Black",2014,4,251,"CLEVELAND",15.9362549800797
"179",23,"Black",2015,4,270,"CLEVELAND",14.8148148148148
"180",23,"Black",2016,2,260,"CLEVELAND",7.69230769230769
"181",23,"Hispanic",2012,1,51,"CLEVELAND",19.6078431372549
"182",23,"Hispanic",2016,2,48,"CLEVELAND",41.6666666666667
"183",23,"White",2011,6,715,"CLEVELAND",8.39160839160839
"184",23,"White",2012,1,755,"CLEVELAND",1.32450331125828
"185",23,"White",2013,4,710,"CLEVELAND",5.63380281690141
"186",23,"White",2014,3,741,"CLEVELAND",4.04858299595142
"187",23,"White",2015,5,747,"CLEVELAND",6.69344042838019
"188",23,"White",2016,7,733,"CLEVELAND",9.54979536152797
"189",24,"Black",2011,3,241,"COLUMBUS",12.448132780083
"190",24,"Black",2013,3,219,"COLUMBUS",13.6986301369863
"191",24,"Black",2014,5,191,"COLUMBUS",26.1780104712042
"192",24,"Black",2015,1,173,"COLUMBUS",5.78034682080925
"193",24,"Black",2016,3,188,"COLUMBUS",15.9574468085106
"194",24,"Hispanic",2012,2,63,"COLUMBUS",31.7460317460317
"195",24,"Hispanic",2013,1,63,"COLUMBUS",15.8730158730159
"196",24,"Hispanic",2014,2,68,"COLUMBUS",29.4117647058824
"197",24,"Other Non-White",2013,1,22,"COLUMBUS",45.4545454545455
"198",24,"Other Non-White",2014,1,26,"COLUMBUS",38.4615384615385
"199",24,"Other Non-White",2016,1,20,"COLUMBUS",50
"200",24,"White",2011,3,327,"COLUMBUS",9.1743119266055
"201",24,"White",2013,1,348,"COLUMBUS",2.8735632183908
"202",24,"White",2014,1,323,"COLUMBUS",3.09597523219814
"203",24,"White",2015,5,340,"COLUMBUS",14.7058823529412
"204",24,"White",2016,2,324,"COLUMBUS",6.17283950617284
"205",25,"Black",2011,3,317,"CRAVEN",9.46372239747634
"206",25,"Black",2012,2,311,"CRAVEN",6.43086816720257
"207",25,"Black",2013,4,302,"CRAVEN",13.2450331125828
"208",25,"Black",2014,1,294,"CRAVEN",3.40136054421769
"209",25,"Black",2015,6,269,"CRAVEN",22.3048327137546
"210",25,"Black",2016,3,301,"CRAVEN",9.96677740863787
"211",25,"Hispanic",2011,1,167,"CRAVEN",5.98802395209581
"212",25,"Hispanic",2012,1,155,"CRAVEN",6.45161290322581
"213",25,"Hispanic",2016,1,144,"CRAVEN",6.94444444444444
"214",25,"Other Non-White",2014,1,86,"CRAVEN",11.6279069767442
"215",25,"Other Non-White",2015,1,89,"CRAVEN",11.2359550561798
"216",25,"Other Non-White",2016,1,90,"CRAVEN",11.1111111111111
"217",25,"White",2011,8,1073,"CRAVEN",7.45573159366263
"218",25,"White",2012,12,1073,"CRAVEN",11.1835973904939
"219",25,"White",2013,6,969,"CRAVEN",6.19195046439629
"220",25,"White",2014,5,971,"CRAVEN",5.14933058702369
"221",25,"White",2015,3,933,"CRAVEN",3.21543408360129
"222",25,"White",2016,5,904,"CRAVEN",5.53097345132743
"223",26,"Black",2011,20,2039,"CUMBERLAND",9.80872976949485
"224",26,"Black",2012,27,1855,"CUMBERLAND",14.55525606469
"225",26,"Black",2013,23,2027,"CUMBERLAND",11.3468179575728
"226",26,"Black",2014,36,2004,"CUMBERLAND",17.9640718562874
"227",26,"Black",2015,24,1924,"CUMBERLAND",12.4740124740125
"228",26,"Black",2016,31,2039,"CUMBERLAND",15.203531142717
"229",26,"Hispanic",2011,3,821,"CUMBERLAND",3.65408038976857
"230",26,"Hispanic",2012,5,716,"CUMBERLAND",6.98324022346369
"231",26,"Hispanic",2013,4,764,"CUMBERLAND",5.23560209424084
"232",26,"Hispanic",2014,7,769,"CUMBERLAND",9.10273081924577
"233",26,"Hispanic",2015,9,742,"CUMBERLAND",12.1293800539084
"234",26,"Hispanic",2016,4,779,"CUMBERLAND",5.13478818998716
"235",26,"Other Non-White",2011,1,274,"CUMBERLAND",3.64963503649635
"236",26,"Other Non-White",2012,1,289,"CUMBERLAND",3.46020761245675
"237",26,"Other Non-White",2013,1,309,"CUMBERLAND",3.23624595469256
"238",26,"Other Non-White",2014,3,327,"CUMBERLAND",9.1743119266055
"239",26,"Other Non-White",2015,2,274,"CUMBERLAND",7.2992700729927
"240",26,"Other Non-White",2016,1,300,"CUMBERLAND",3.33333333333333
"241",26,"White",2011,20,2937,"CUMBERLAND",6.80966973101805
"242",26,"White",2012,10,2674,"CUMBERLAND",3.7397157816006
"243",26,"White",2013,18,2591,"CUMBERLAND",6.94712466229255
"244",26,"White",2014,18,2600,"CUMBERLAND",6.92307692307692
"245",26,"White",2015,18,2473,"CUMBERLAND",7.27860897695107
"246",26,"White",2016,17,2328,"CUMBERLAND",7.30240549828179
"247",27,"Hispanic",2014,2,19,"CURRITUCK",105.263157894737
"248",27,"Other Non-White",2014,1,9,"CURRITUCK",111.111111111111
"249",27,"White",2011,2,201,"CURRITUCK",9.9502487562189
"250",27,"White",2012,2,182,"CURRITUCK",10.989010989011
"251",27,"White",2014,1,219,"CURRITUCK",4.5662100456621
"252",28,"Hispanic",2011,2,58,"DARE",34.4827586206897
"253",28,"Hispanic",2013,1,59,"DARE",16.9491525423729
"254",28,"White",2012,2,311,"DARE",6.43086816720257
"255",28,"White",2013,1,267,"DARE",3.74531835205992
"256",28,"White",2014,2,291,"DARE",6.87285223367698
"257",28,"White",2015,1,275,"DARE",3.63636363636364
"258",29,"Black",2011,1,174,"DAVIDSON",5.74712643678161
"259",29,"Black",2012,8,169,"DAVIDSON",47.3372781065089
"260",29,"Black",2013,2,156,"DAVIDSON",12.8205128205128
"261",29,"Black",2014,2,178,"DAVIDSON",11.2359550561798
"262",29,"Black",2015,3,203,"DAVIDSON",14.7783251231527
"263",29,"Black",2016,4,189,"DAVIDSON",21.1640211640212
"264",29,"Hispanic",2012,2,209,"DAVIDSON",9.56937799043062
"265",29,"Hispanic",2013,1,217,"DAVIDSON",4.60829493087558
"266",29,"Hispanic",2014,1,214,"DAVIDSON",4.67289719626168
"267",29,"Hispanic",2015,2,201,"DAVIDSON",9.9502487562189
"268",29,"Hispanic",2016,4,204,"DAVIDSON",19.6078431372549
"269",29,"Other Non-White",2012,1,49,"DAVIDSON",20.4081632653061
"270",29,"White",2011,8,1284,"DAVIDSON",6.23052959501558
"271",29,"White",2012,12,1239,"DAVIDSON",9.68523002421307
"272",29,"White",2013,4,1305,"DAVIDSON",3.06513409961686
"273",29,"White",2014,4,1313,"DAVIDSON",3.04645849200305
"274",29,"White",2015,12,1307,"DAVIDSON",9.18133129303749
"275",29,"White",2016,8,1344,"DAVIDSON",5.95238095238095
"276",3,"Hispanic",2015,1,22,"ALLEGHANY",45.4545454545455
"277",30,"Black",2014,1,17,"DAVIE ",58.8235294117647
"278",30,"White",2011,3,301,"DAVIE ",9.96677740863787
"279",30,"White",2012,2,340,"DAVIE ",5.88235294117647
"280",30,"White",2013,2,297,"DAVIE ",6.73400673400673
"281",30,"White",2014,1,295,"DAVIE ",3.38983050847458
"282",30,"White",2015,3,302,"DAVIE ",9.93377483443709
"283",30,"White",2016,1,338,"DAVIE ",2.9585798816568
"284",31,"Black",2011,1,190,"DUPLIN",5.26315789473684
"285",31,"Black",2012,3,169,"DUPLIN",17.7514792899408
"286",31,"Black",2013,2,166,"DUPLIN",12.0481927710843
"287",31,"Black",2014,1,165,"DUPLIN",6.06060606060606
"288",31,"Black",2015,4,165,"DUPLIN",24.2424242424242
"289",31,"Black",2016,2,148,"DUPLIN",13.5135135135135
"290",31,"Hispanic",2012,1,280,"DUPLIN",3.57142857142857
"291",31,"Hispanic",2014,1,293,"DUPLIN",3.41296928327645
"292",31,"Hispanic",2015,1,301,"DUPLIN",3.32225913621262
"293",31,"Hispanic",2016,2,274,"DUPLIN",7.2992700729927
"294",31,"White",2011,2,321,"DUPLIN",6.23052959501558
"295",31,"White",2012,2,290,"DUPLIN",6.89655172413793
"296",31,"White",2013,4,289,"DUPLIN",13.840830449827
"297",31,"White",2014,1,302,"DUPLIN",3.3112582781457
"298",31,"White",2015,7,278,"DUPLIN",25.1798561151079
"299",32,"Black",2011,18,1399,"DURHAM ",12.8663330950679
"300",32,"Black",2012,27,1449,"DURHAM ",18.6335403726708
"301",32,"Black",2013,16,1451,"DURHAM ",11.026878015162
"302",32,"Black",2014,24,1511,"DURHAM ",15.8835208471211
"303",32,"Black",2015,15,1399,"DURHAM ",10.7219442458899
"304",32,"Black",2016,18,1421,"DURHAM ",12.6671358198452
"305",32,"Hispanic",2011,3,943,"DURHAM ",3.1813361611877
"306",32,"Hispanic",2012,2,917,"DURHAM ",2.18102508178844
"307",32,"Hispanic",2013,2,950,"DURHAM ",2.10526315789474
"308",32,"Hispanic",2014,6,961,"DURHAM ",6.24349635796046
"309",32,"Hispanic",2015,5,917,"DURHAM ",5.4525627044711
"310",32,"Hispanic",2016,2,987,"DURHAM ",2.02634245187437
"311",32,"Other Non-White",2012,1,284,"DURHAM ",3.52112676056338
"312",32,"Other Non-White",2014,2,308,"DURHAM ",6.49350649350649
"313",32,"Other Non-White",2016,2,294,"DURHAM ",6.80272108843537
"314",32,"White",2011,6,1595,"DURHAM ",3.76175548589342
"315",32,"White",2012,4,1671,"DURHAM ",2.39377618192699
"316",32,"White",2013,8,1510,"DURHAM ",5.29801324503311
"317",32,"White",2014,7,1723,"DURHAM ",4.062681369704
"318",32,"White",2015,5,1636,"DURHAM ",3.05623471882641
"319",32,"White",2016,5,1644,"DURHAM ",3.04136253041363
"320",33,"Black",2011,3,439,"EDGECOMBE",6.83371298405467
"321",33,"Black",2012,5,425,"EDGECOMBE",11.7647058823529
"322",33,"Black",2013,5,414,"EDGECOMBE",12.0772946859903
"323",33,"Black",2014,4,409,"EDGECOMBE",9.7799511002445
"324",33,"Black",2015,4,406,"EDGECOMBE",9.85221674876847
"325",33,"Black",2016,7,385,"EDGECOMBE",18.1818181818182
"326",33,"Hispanic",2016,1,38,"EDGECOMBE",26.3157894736842
"327",33,"White",2011,3,170,"EDGECOMBE",17.6470588235294
"328",33,"White",2013,3,169,"EDGECOMBE",17.7514792899408
"329",33,"White",2015,1,172,"EDGECOMBE",5.81395348837209
"330",33,"White",2016,2,144,"EDGECOMBE",13.8888888888889
"331",34,"Black",2011,22,1292,"FORSYTH",17.0278637770898
"332",34,"Black",2012,20,1351,"FORSYTH",14.8038490007402
"333",34,"Black",2013,15,1322,"FORSYTH",11.3464447806354
"334",34,"Black",2014,14,1319,"FORSYTH",10.6141015921152
"335",34,"Black",2015,10,1252,"FORSYTH",7.98722044728434
"336",34,"Black",2016,15,1200,"FORSYTH",12.5
"337",34,"Hispanic",2011,7,1018,"FORSYTH",6.8762278978389
"338",34,"Hispanic",2012,8,1011,"FORSYTH",7.91295746785361
"339",34,"Hispanic",2013,9,955,"FORSYTH",9.42408376963351
"340",34,"Hispanic",2014,3,961,"FORSYTH",3.12174817898023
"341",34,"Hispanic",2015,7,869,"FORSYTH",8.05523590333717
"342",34,"Hispanic",2016,12,920,"FORSYTH",13.0434782608696
"343",34,"Other Non-White",2012,2,128,"FORSYTH",15.625
"344",34,"Other Non-White",2013,2,152,"FORSYTH",13.1578947368421
"345",34,"Other Non-White",2014,1,160,"FORSYTH",6.25
"346",34,"Other Non-White",2016,1,187,"FORSYTH",5.3475935828877
"347",34,"White",2011,17,2144,"FORSYTH",7.92910447761194
"348",34,"White",2012,17,2134,"FORSYTH",7.96626054358013
"349",34,"White",2013,11,2093,"FORSYTH",5.25561395126612
"350",34,"White",2014,11,2108,"FORSYTH",5.21821631878558
"351",34,"White",2015,14,2060,"FORSYTH",6.79611650485437
"352",34,"White",2016,14,2188,"FORSYTH",6.39853747714808
"353",35,"Black",2011,2,157,"FRANKLIN ",12.7388535031847
"354",35,"Black",2012,3,180,"FRANKLIN ",16.6666666666667
"355",35,"Black",2013,1,192,"FRANKLIN ",5.20833333333333
"356",35,"Black",2014,2,196,"FRANKLIN ",10.2040816326531
"357",35,"Black",2015,6,183,"FRANKLIN ",32.7868852459016
"358",35,"Black",2016,2,197,"FRANKLIN ",10.1522842639594
"359",35,"Hispanic",2014,1,63,"FRANKLIN ",15.8730158730159
"360",35,"Hispanic",2016,1,77,"FRANKLIN ",12.987012987013
"361",35,"White",2011,3,404,"FRANKLIN ",7.42574257425743
"362",35,"White",2012,5,388,"FRANKLIN ",12.8865979381443
"363",35,"White",2014,4,401,"FRANKLIN ",9.97506234413965
"364",35,"White",2015,3,443,"FRANKLIN ",6.77200902934537
"365",35,"White",2016,1,399,"FRANKLIN ",2.5062656641604
"366",36,"Black",2011,4,485,"GASTON  ",8.24742268041237
"367",36,"Black",2012,9,472,"GASTON  ",19.0677966101695
"368",36,"Black",2013,14,447,"GASTON  ",31.3199105145414
"369",36,"Black",2014,6,475,"GASTON  ",12.6315789473684
"370",36,"Black",2015,8,522,"GASTON  ",15.3256704980843
"371",36,"Black",2016,3,492,"GASTON  ",6.09756097560976
"372",36,"Hispanic",2014,1,240,"GASTON  ",4.16666666666667
"373",36,"Hispanic",2015,1,239,"GASTON  ",4.18410041841004
"374",36,"Hispanic",2016,3,303,"GASTON  ",9.9009900990099
"375",36,"Other Non-White",2011,1,45,"GASTON  ",22.2222222222222
"376",36,"Other Non-White",2016,1,47,"GASTON  ",21.2765957446809
"377",36,"White",2011,8,1768,"GASTON  ",4.52488687782806
"378",36,"White",2012,15,1751,"GASTON  ",8.5665334094803
"379",36,"White",2013,8,1711,"GASTON  ",4.67562828755114
"380",36,"White",2014,10,1760,"GASTON  ",5.68181818181818
"381",36,"White",2015,11,1722,"GASTON  ",6.38792102206736
"382",36,"White",2016,8,1682,"GASTON  ",4.75624256837099
"383",37,"Black",2015,1,23,"GATES",43.4782608695652
"384",37,"Other Non-White",2016,1,2,"GATES",500
"385",37,"White",2014,1,66,"GATES",15.1515151515152
"386",38,"White",2012,1,78,"GRAHAM",12.8205128205128
"387",39,"Black",2012,2,165,"GRANVILLE",12.1212121212121
"388",39,"Black",2013,3,154,"GRANVILLE",19.4805194805195
"389",39,"Black",2014,1,191,"GRANVILLE",5.23560209424084
"390",39,"Black",2015,1,175,"GRANVILLE",5.71428571428571
"391",39,"Black",2016,2,168,"GRANVILLE",11.9047619047619
"392",39,"Hispanic",2011,2,72,"GRANVILLE",27.7777777777778
"393",39,"Hispanic",2013,1,65,"GRANVILLE",15.3846153846154
"394",39,"Hispanic",2014,1,64,"GRANVILLE",15.625
"395",39,"Hispanic",2016,1,72,"GRANVILLE",13.8888888888889
"396",39,"White",2011,2,306,"GRANVILLE",6.5359477124183
"397",39,"White",2012,2,323,"GRANVILLE",6.19195046439629
"398",39,"White",2013,3,300,"GRANVILLE",10
"399",39,"White",2014,2,283,"GRANVILLE",7.06713780918728
"400",39,"White",2015,3,327,"GRANVILLE",9.1743119266055
"401",39,"White",2016,1,316,"GRANVILLE",3.16455696202532
"402",4,"Black",2012,4,146,"ANSON",27.3972602739726
"403",4,"Black",2013,4,148,"ANSON",27.027027027027
"404",4,"Black",2015,2,129,"ANSON",15.5038759689922
"405",4,"Black",2016,2,138,"ANSON",14.4927536231884
"406",4,"Other Non-White",2015,2,5,"ANSON",400
"407",4,"White",2011,1,98,"ANSON",10.2040816326531
"408",4,"White",2013,1,95,"ANSON",10.5263157894737
"409",4,"White",2014,2,96,"ANSON",20.8333333333333
"410",40,"Black",2011,1,76,"GREENE ",13.1578947368421
"411",40,"Black",2013,2,65,"GREENE ",30.7692307692308
"412",40,"Black",2014,1,86,"GREENE ",11.6279069767442
"413",40,"Black",2016,2,66,"GREENE ",30.3030303030303
"414",40,"Hispanic",2016,1,53,"GREENE ",18.8679245283019
"415",40,"White",2011,1,89,"GREENE ",11.2359550561798
"416",40,"White",2013,1,86,"GREENE ",11.6279069767442
"417",41,"Black",2011,30,2366,"GUILFORD",12.6796280642434
"418",41,"Black",2012,26,2428,"GUILFORD",10.7084019769358
"419",41,"Black",2013,32,2487,"GUILFORD",12.8669079211902
"420",41,"Black",2014,33,2434,"GUILFORD",13.5579293344289
"421",41,"Black",2015,23,2455,"GUILFORD",9.36863543788187
"422",41,"Black",2016,37,2516,"GUILFORD",14.7058823529412
"423",41,"Hispanic",2011,5,743,"GUILFORD",6.72947510094213
"424",41,"Hispanic",2012,5,792,"GUILFORD",6.31313131313131
"425",41,"Hispanic",2013,3,804,"GUILFORD",3.73134328358209
"426",41,"Hispanic",2014,4,775,"GUILFORD",5.16129032258065
"427",41,"Hispanic",2015,5,768,"GUILFORD",6.51041666666667
"428",41,"Hispanic",2016,5,835,"GUILFORD",5.98802395209581
"429",41,"Other Non-White",2012,2,485,"GUILFORD",4.12371134020619
"430",41,"Other Non-White",2013,1,476,"GUILFORD",2.10084033613445
"431",41,"Other Non-White",2014,2,506,"GUILFORD",3.95256916996047
"432",41,"Other Non-White",2015,5,489,"GUILFORD",10.2249488752556
"433",41,"Other Non-White",2016,3,496,"GUILFORD",6.04838709677419
"434",41,"White",2011,10,2549,"GUILFORD",3.92310710082385
"435",41,"White",2012,16,2459,"GUILFORD",6.50671004473363
"436",41,"White",2013,17,2402,"GUILFORD",7.0774354704413
"437",41,"White",2014,9,2370,"GUILFORD",3.79746835443038
"438",41,"White",2015,13,2383,"GUILFORD",5.45530843474612
"439",41,"White",2016,7,2411,"GUILFORD",2.90335960182497
"440",42,"Black",2011,8,359,"HALIFAX",22.2841225626741
"441",42,"Black",2012,6,345,"HALIFAX",17.3913043478261
"442",42,"Black",2013,4,337,"HALIFAX",11.8694362017804
"443",42,"Black",2014,5,353,"HALIFAX",14.1643059490085
"444",42,"Black",2015,5,337,"HALIFAX",14.8367952522255
"445",42,"Black",2016,4,337,"HALIFAX",11.8694362017804
"446",42,"Hispanic",2016,1,23,"HALIFAX",43.4782608695652
"447",42,"White",2011,1,170,"HALIFAX",5.88235294117647
"448",42,"White",2012,1,191,"HALIFAX",5.23560209424084
"449",42,"White",2013,1,165,"HALIFAX",6.06060606060606
"450",42,"White",2014,1,191,"HALIFAX",5.23560209424084
"451",42,"White",2015,1,191,"HALIFAX",5.23560209424084
"452",42,"White",2016,2,182,"HALIFAX",10.989010989011
"453",43,"Black",2011,5,346,"HARNETT",14.4508670520231
"454",43,"Black",2012,6,367,"HARNETT",16.3487738419619
"455",43,"Black",2013,4,377,"HARNETT",10.6100795755968
"456",43,"Black",2014,10,410,"HARNETT",24.390243902439
"457",43,"Black",2015,3,333,"HARNETT",9.00900900900901
"458",43,"Black",2016,4,371,"HARNETT",10.7816711590297
"459",43,"Hispanic",2011,2,281,"HARNETT",7.11743772241993
"460",43,"Hispanic",2012,2,267,"HARNETT",7.49063670411985
"461",43,"Hispanic",2015,1,313,"HARNETT",3.19488817891374
"462",43,"Hispanic",2016,2,310,"HARNETT",6.45161290322581
"463",43,"Other Non-White",2013,1,59,"HARNETT",16.9491525423729
"464",43,"Other Non-White",2014,1,70,"HARNETT",14.2857142857143
"465",43,"Other Non-White",2015,1,64,"HARNETT",15.625
"466",43,"White",2011,4,1088,"HARNETT",3.67647058823529
"467",43,"White",2012,8,1073,"HARNETT",7.45573159366263
"468",43,"White",2013,9,1160,"HARNETT",7.75862068965517
"469",43,"White",2014,11,1193,"HARNETT",9.22045264040235
"470",43,"White",2015,8,1090,"HARNETT",7.3394495412844
"471",43,"White",2016,5,1136,"HARNETT",4.40140845070423
"472",44,"Black",2012,1,11,"HAYWOOD",90.9090909090909
"473",44,"Hispanic",2016,1,29,"HAYWOOD",34.4827586206897
"474",44,"Other Non-White",2012,1,10,"HAYWOOD",100
"475",44,"Other Non-White",2016,1,8,"HAYWOOD",125
"476",44,"White",2012,2,492,"HAYWOOD",4.0650406504065
"477",44,"White",2013,3,498,"HAYWOOD",6.02409638554217
"478",44,"White",2014,3,510,"HAYWOOD",5.88235294117647
"479",44,"White",2015,7,548,"HAYWOOD",12.7737226277372
"480",44,"White",2016,5,566,"HAYWOOD",8.8339222614841
"481",45,"Black",2016,1,42,"HENDERSON ",23.8095238095238
"482",45,"Hispanic",2011,2,206,"HENDERSON ",9.70873786407767
"483",45,"Hispanic",2014,1,201,"HENDERSON ",4.97512437810945
"484",45,"Hispanic",2015,1,201,"HENDERSON ",4.97512437810945
"485",45,"Hispanic",2016,3,211,"HENDERSON ",14.218009478673
"486",45,"Other Non-White",2013,1,17,"HENDERSON ",58.8235294117647
"487",45,"White",2011,1,798,"HENDERSON ",1.2531328320802
"488",45,"White",2012,7,802,"HENDERSON ",8.72817955112219
"489",45,"White",2013,4,802,"HENDERSON ",4.98753117206983
"490",45,"White",2014,3,839,"HENDERSON ",3.57568533969011
"491",45,"White",2015,7,796,"HENDERSON ",8.79396984924623
"492",45,"White",2016,2,803,"HENDERSON ",2.4906600249066
"493",46,"Black",2011,1,154,"HERTFORD",6.49350649350649
"494",46,"Black",2012,2,150,"HERTFORD",13.3333333333333
"495",46,"Black",2013,3,168,"HERTFORD",17.8571428571429
"496",46,"Black",2014,6,162,"HERTFORD",37.037037037037
"497",46,"Black",2015,4,158,"HERTFORD",25.3164556962025
"498",46,"Black",2016,3,148,"HERTFORD",20.2702702702703
"499",46,"White",2011,1,76,"HERTFORD",13.1578947368421
"500",46,"White",2012,1,71,"HERTFORD",14.0845070422535
"501",46,"White",2013,2,63,"HERTFORD",31.7460317460317
"502",46,"White",2014,1,47,"HERTFORD",21.2765957446809
"503",47,"Black",2011,2,239,"HOKE",8.36820083682008
"504",47,"Black",2012,1,211,"HOKE",4.739336492891
"505",47,"Black",2014,3,223,"HOKE",13.4529147982063
"506",47,"Black",2015,6,248,"HOKE",24.1935483870968
"507",47,"Hispanic",2011,2,177,"HOKE",11.2994350282486
"508",47,"Hispanic",2014,2,161,"HOKE",12.4223602484472
"509",47,"Hispanic",2015,1,148,"HOKE",6.75675675675676
"510",47,"Other Non-White",2011,2,95,"HOKE",21.0526315789474
"511",47,"Other Non-White",2012,2,115,"HOKE",17.3913043478261
"512",47,"White",2011,2,497,"HOKE",4.02414486921529
"513",47,"White",2012,3,458,"HOKE",6.55021834061135
"514",47,"White",2013,1,466,"HOKE",2.14592274678112
"515",47,"White",2015,4,453,"HOKE",8.83002207505519
"516",47,"White",2016,3,467,"HOKE",6.42398286937901
"517",48,"Black",2011,1,8,"HYDE",125
"518",48,"Black",2015,1,11,"HYDE",90.9090909090909
"519",48,"White",2011,2,35,"HYDE",57.1428571428571
"520",48,"White",2013,1,43,"HYDE",23.2558139534884
"521",49,"Black",2011,2,243,"IREDELL",8.23045267489712
"522",49,"Black",2012,8,249,"IREDELL",32.1285140562249
"523",49,"Black",2013,5,268,"IREDELL",18.6567164179104
"524",49,"Black",2014,7,257,"IREDELL",27.2373540856031
"525",49,"Black",2015,5,267,"IREDELL",18.7265917602996
"526",49,"Black",2016,3,305,"IREDELL",9.83606557377049
"527",49,"Hispanic",2011,1,190,"IREDELL",5.26315789473684
"528",49,"Hispanic",2013,1,175,"IREDELL",5.71428571428571
"529",49,"Hispanic",2015,1,199,"IREDELL",5.0251256281407
"530",49,"Hispanic",2016,2,228,"IREDELL",8.7719298245614
"531",49,"Other Non-White",2013,1,84,"IREDELL",11.9047619047619
"532",49,"Other Non-White",2014,2,93,"IREDELL",21.505376344086
"533",49,"White",2011,5,1252,"IREDELL",3.99361022364217
"534",49,"White",2012,2,1204,"IREDELL",1.66112956810631
"535",49,"White",2013,8,1225,"IREDELL",6.53061224489796
"536",49,"White",2014,4,1244,"IREDELL",3.21543408360129
"537",49,"White",2015,12,1384,"IREDELL",8.67052023121387
"538",49,"White",2016,11,1303,"IREDELL",8.44205679201842
"539",5,"Hispanic",2014,1,21,"ASHE ",47.6190476190476
"540",5,"Hispanic",2016,1,19,"ASHE ",52.6315789473684
"541",5,"White",2012,2,234,"ASHE ",8.54700854700855
"542",5,"White",2013,3,223,"ASHE ",13.4529147982063
"543",5,"White",2015,1,191,"ASHE ",5.23560209424084
"544",50,"Hispanic",2015,1,33,"JACKSON",30.3030303030303
"545",50,"Hispanic",2016,1,39,"JACKSON",25.6410256410256
"546",50,"Other Non-White",2012,2,59,"JACKSON",33.8983050847458
"547",50,"Other Non-White",2015,1,68,"JACKSON",14.7058823529412
"548",50,"Other Non-White",2016,2,78,"JACKSON",25.6410256410256
"549",50,"White",2011,5,279,"JACKSON",17.921146953405
"550",50,"White",2012,1,267,"JACKSON",3.74531835205992
"551",50,"White",2013,2,259,"JACKSON",7.72200772200772
"552",50,"White",2015,3,294,"JACKSON",10.2040816326531
"553",50,"White",2016,2,268,"JACKSON",7.46268656716418
"554",51,"Black",2011,5,344,"JOHNSTON",14.5348837209302
"555",51,"Black",2012,1,328,"JOHNSTON",3.04878048780488
"556",51,"Black",2013,4,336,"JOHNSTON",11.9047619047619
"557",51,"Black",2014,2,362,"JOHNSTON",5.52486187845304
"558",51,"Black",2015,4,352,"JOHNSTON",11.3636363636364
"559",51,"Black",2016,4,358,"JOHNSTON",11.1731843575419
"560",51,"Hispanic",2011,3,502,"JOHNSTON",5.97609561752988
"561",51,"Hispanic",2012,3,490,"JOHNSTON",6.12244897959184
"562",51,"Hispanic",2013,1,503,"JOHNSTON",1.98807157057654
"563",51,"Hispanic",2014,3,468,"JOHNSTON",6.41025641025641
"564",51,"Hispanic",2015,3,459,"JOHNSTON",6.5359477124183
"565",51,"Hispanic",2016,4,455,"JOHNSTON",8.79120879120879
"566",51,"Other Non-White",2012,1,24,"JOHNSTON",41.6666666666667
"567",51,"Other Non-White",2013,1,19,"JOHNSTON",52.6315789473684
"568",51,"Other Non-White",2015,1,38,"JOHNSTON",26.3157894736842
"569",51,"White",2011,5,1395,"JOHNSTON",3.584229390681
"570",51,"White",2012,12,1375,"JOHNSTON",8.72727272727273
"571",51,"White",2013,7,1307,"JOHNSTON",5.3557765876052
"572",51,"White",2014,6,1428,"JOHNSTON",4.20168067226891
"573",51,"White",2015,10,1418,"JOHNSTON",7.05218617771509
"574",51,"White",2016,7,1476,"JOHNSTON",4.74254742547425
"575",52,"Black",2011,3,38,"JONES",78.9473684210526
"576",52,"Black",2013,1,27,"JONES",37.037037037037
"577",52,"Other Non-White",2011,1,3,"JONES",333.333333333333
"578",53,"Black",2011,5,163,"LEE",30.6748466257669
"579",53,"Black",2012,3,156,"LEE",19.2307692307692
"580",53,"Black",2013,3,167,"LEE",17.9640718562874
"581",53,"Black",2014,2,181,"LEE",11.0497237569061
"582",53,"Black",2015,1,144,"LEE",6.94444444444444
"583",53,"Black",2016,2,169,"LEE",11.8343195266272
"584",53,"Hispanic",2011,2,257,"LEE",7.78210116731517
"585",53,"Hispanic",2012,1,244,"LEE",4.09836065573771
"586",53,"Hispanic",2013,1,218,"LEE",4.58715596330275
"587",53,"Hispanic",2014,1,233,"LEE",4.29184549356223
"588",53,"Hispanic",2016,1,235,"LEE",4.25531914893617
"589",53,"Other Non-White",2011,1,16,"LEE",62.5
"590",53,"Other Non-White",2013,1,14,"LEE",71.4285714285714
"591",53,"White",2011,4,392,"LEE",10.2040816326531
"592",53,"White",2012,4,411,"LEE",9.7323600973236
"593",53,"White",2013,2,378,"LEE",5.29100529100529
"594",53,"White",2014,1,366,"LEE",2.73224043715847
"595",53,"White",2015,3,352,"LEE",8.52272727272727
"596",53,"White",2016,3,389,"LEE",7.7120822622108
"597",54,"Black",2011,1,312,"LENOIR",3.2051282051282
"598",54,"Black",2012,6,294,"LENOIR",20.4081632653061
"599",54,"Black",2013,3,317,"LENOIR",9.46372239747634
"600",54,"Black",2014,4,312,"LENOIR",12.8205128205128
"601",54,"Black",2015,1,286,"LENOIR",3.4965034965035
"602",54,"Black",2016,2,305,"LENOIR",6.55737704918033
"603",54,"Hispanic",2016,1,81,"LENOIR",12.3456790123457
"604",54,"White",2011,2,258,"LENOIR",7.75193798449612
"605",54,"White",2013,2,259,"LENOIR",7.72200772200772
"606",54,"White",2014,3,269,"LENOIR",11.1524163568773
"607",54,"White",2015,1,268,"LENOIR",3.73134328358209
"608",54,"White",2016,2,255,"LENOIR",7.84313725490196
"609",55,"Black",2011,4,43,"LINCOLN ",93.0232558139535
"610",55,"Black",2013,1,38,"LINCOLN ",26.3157894736842
"611",55,"Black",2014,1,46,"LINCOLN ",21.7391304347826
"612",55,"Black",2015,1,48,"LINCOLN ",20.8333333333333
"613",55,"Black",2016,3,47,"LINCOLN ",63.8297872340425
"614",55,"Hispanic",2014,1,90,"LINCOLN ",11.1111111111111
"615",55,"Hispanic",2015,1,71,"LINCOLN ",14.0845070422535
"616",55,"White",2011,4,660,"LINCOLN ",6.06060606060606
"617",55,"White",2012,4,613,"LINCOLN ",6.5252854812398
"618",55,"White",2014,2,669,"LINCOLN ",2.98953662182362
"619",55,"White",2015,4,661,"LINCOLN ",6.05143721633888
"620",55,"White",2016,1,676,"LINCOLN ",1.4792899408284
"621",56,"Hispanic",2014,2,44,"McDOWELL",45.4545454545455
"622",56,"White",2011,3,393,"McDOWELL",7.63358778625954
"623",56,"White",2012,2,397,"McDOWELL",5.03778337531486
"624",56,"White",2013,1,388,"McDOWELL",2.57731958762887
"625",56,"White",2014,4,382,"McDOWELL",10.4712041884817
"626",56,"White",2015,4,419,"McDOWELL",9.54653937947494
"627",56,"White",2016,3,389,"McDOWELL",7.7120822622108
"628",57,"White",2011,4,247,"MACON",16.1943319838057
"629",57,"White",2013,2,270,"MACON",7.40740740740741
"630",57,"White",2014,3,279,"MACON",10.752688172043
"631",57,"White",2015,3,287,"MACON",10.4529616724739
"632",57,"White",2016,4,257,"MACON",15.5642023346303
"633",58,"White",2011,2,169,"MADISON",11.8343195266272
"634",58,"White",2012,1,191,"MADISON",5.23560209424084
"635",58,"White",2014,5,187,"MADISON",26.7379679144385
"636",58,"White",2015,1,228,"MADISON",4.3859649122807
"637",58,"White",2016,1,189,"MADISON",5.29100529100529
"638",59,"Black",2012,1,116,"MARTIN",8.62068965517241
"639",59,"Black",2013,2,125,"MARTIN",16
"640",59,"Black",2014,1,105,"MARTIN",9.52380952380953
"641",59,"Black",2015,1,108,"MARTIN",9.25925925925926
"642",59,"White",2016,2,101,"MARTIN",19.8019801980198
"643",6,"Hispanic",2015,2,24,"AVERY   ",83.3333333333333
"644",6,"White",2011,3,123,"AVERY   ",24.390243902439
"645",6,"White",2012,1,130,"AVERY   ",7.69230769230769
"646",6,"White",2013,1,134,"AVERY   ",7.46268656716418
"647",6,"White",2014,1,99,"AVERY   ",10.1010101010101
"648",6,"White",2016,1,126,"AVERY   ",7.93650793650794
"649",60,"Black",2011,46,4317,"MECKLENBURG",10.6555478341441
"650",60,"Black",2012,45,4465,"MECKLENBURG",10.0783874580067
"651",60,"Black",2013,45,4403,"MECKLENBURG",10.2203043379514
"652",60,"Black",2014,40,4605,"MECKLENBURG",8.68621064060804
"653",60,"Black",2015,46,4744,"MECKLENBURG",9.6964586846543
"654",60,"Black",2016,64,4698,"MECKLENBURG",13.6228182205194
"655",60,"Hispanic",2011,13,2580,"MECKLENBURG",5.03875968992248
"656",60,"Hispanic",2012,9,2598,"MECKLENBURG",3.46420323325635
"657",60,"Hispanic",2013,11,2526,"MECKLENBURG",4.35471100554236
"658",60,"Hispanic",2014,24,2764,"MECKLENBURG",8.68306801736614
"659",60,"Hispanic",2015,10,2921,"MECKLENBURG",3.42348510783978
"660",60,"Hispanic",2016,15,2974,"MECKLENBURG",5.04371217215871
"661",60,"Other Non-White",2011,2,1073,"MECKLENBURG",1.86393289841566
"662",60,"Other Non-White",2012,5,1099,"MECKLENBURG",4.54959053685168
"663",60,"Other Non-White",2013,4,1166,"MECKLENBURG",3.43053173241852
"664",60,"Other Non-White",2014,2,1300,"MECKLENBURG",1.53846153846154
"665",60,"Other Non-White",2015,8,1405,"MECKLENBURG",5.69395017793594
"666",60,"Other Non-White",2016,9,1419,"MECKLENBURG",6.34249471458774
"667",60,"White",2011,19,5764,"MECKLENBURG",3.29632199861208
"668",60,"White",2012,15,5686,"MECKLENBURG",2.63805838902568
"669",60,"White",2013,26,5725,"MECKLENBURG",4.54148471615721
"670",60,"White",2014,25,5740,"MECKLENBURG",4.35540069686411
"671",60,"White",2015,27,5781,"MECKLENBURG",4.67047223663726
"672",60,"White",2016,16,5785,"MECKLENBURG",2.76577355229041
"673",61,"White",2014,1,127,"MITCHELL",7.8740157480315
"674",62,"Black",2011,2,62,"MONTGOMERY",32.258064516129
"675",62,"Black",2012,2,68,"MONTGOMERY",29.4117647058824
"676",62,"Black",2013,2,62,"MONTGOMERY",32.258064516129
"677",62,"Black",2014,2,69,"MONTGOMERY",28.9855072463768
"678",62,"Black",2015,1,57,"MONTGOMERY",17.5438596491228
"679",62,"Black",2016,1,36,"MONTGOMERY",27.7777777777778
"680",62,"Hispanic",2011,3,97,"MONTGOMERY",30.9278350515464
"681",62,"Other Non-White",2011,1,10,"MONTGOMERY",100
"682",62,"White",2012,2,156,"MONTGOMERY",12.8205128205128
"683",62,"White",2013,2,146,"MONTGOMERY",13.6986301369863
"684",62,"White",2014,1,143,"MONTGOMERY",6.99300699300699
"685",62,"White",2016,2,175,"MONTGOMERY",11.4285714285714
"686",63,"Black",2011,4,173,"MOORE  ",23.121387283237
"687",63,"Black",2012,2,156,"MOORE  ",12.8205128205128
"688",63,"Black",2013,1,167,"MOORE  ",5.98802395209581
"689",63,"Black",2015,1,180,"MOORE  ",5.55555555555556
"690",63,"Black",2016,2,146,"MOORE  ",13.6986301369863
"691",63,"Hispanic",2014,2,119,"MOORE  ",16.8067226890756
"692",63,"Hispanic",2015,2,102,"MOORE  ",19.6078431372549
"693",63,"Hispanic",2016,1,110,"MOORE  ",9.09090909090909
"694",63,"Other Non-White",2011,1,33,"MOORE  ",30.3030303030303
"695",63,"Other Non-White",2013,1,23,"MOORE  ",43.4782608695652
"696",63,"White",2011,2,648,"MOORE  ",3.08641975308642
"697",63,"White",2012,1,683,"MOORE  ",1.46412884333821
"698",63,"White",2013,2,692,"MOORE  ",2.89017341040462
"699",63,"White",2014,2,729,"MOORE  ",2.74348422496571
"700",63,"White",2015,4,742,"MOORE  ",5.39083557951483
"701",63,"White",2016,4,833,"MOORE  ",4.80192076830732
"702",64,"Black",2011,7,483,"NASH ",14.4927536231884
"703",64,"Black",2012,6,504,"NASH ",11.9047619047619
"704",64,"Black",2013,5,515,"NASH ",9.70873786407767
"705",64,"Black",2014,7,466,"NASH ",15.0214592274678
"706",64,"Black",2015,7,433,"NASH ",16.1662817551963
"707",64,"Black",2016,6,460,"NASH ",13.0434782608696
"708",64,"Hispanic",2012,2,136,"NASH ",14.7058823529412
"709",64,"Hispanic",2013,1,138,"NASH ",7.2463768115942
"710",64,"White",2012,3,448,"NASH ",6.69642857142857
"711",64,"White",2013,2,434,"NASH ",4.60829493087558
"712",64,"White",2014,2,430,"NASH ",4.65116279069767
"713",64,"White",2015,1,453,"NASH ",2.2075055187638
"714",64,"White",2016,4,429,"NASH ",9.32400932400932
"715",65,"Black",2011,2,426,"NEW HANOVER",4.69483568075117
"716",65,"Black",2012,4,436,"NEW HANOVER",9.1743119266055
"717",65,"Black",2013,6,443,"NEW HANOVER",13.5440180586907
"718",65,"Black",2014,2,405,"NEW HANOVER",4.93827160493827
"719",65,"Black",2015,1,417,"NEW HANOVER",2.39808153477218
"720",65,"Black",2016,6,370,"NEW HANOVER",16.2162162162162
"721",65,"Hispanic",2011,1,251,"NEW HANOVER",3.98406374501992
"722",65,"Hispanic",2015,2,265,"NEW HANOVER",7.54716981132075
"723",65,"Other Non-White",2011,1,58,"NEW HANOVER",17.2413793103448
"724",65,"White",2011,5,1516,"NEW HANOVER",3.29815303430079
"725",65,"White",2012,5,1484,"NEW HANOVER",3.36927223719677
"726",65,"White",2013,6,1497,"NEW HANOVER",4.00801603206413
"727",65,"White",2014,1,1586,"NEW HANOVER",0.630517023959647
"728",65,"White",2015,5,1579,"NEW HANOVER",3.16656111462951
"729",65,"White",2016,9,1551,"NEW HANOVER",5.8027079303675
"730",66,"Black",2011,1,115,"NORTHAMPTON",8.69565217391304
"731",66,"Black",2012,2,141,"NORTHAMPTON",14.1843971631206
"732",66,"Black",2013,2,117,"NORTHAMPTON",17.0940170940171
"733",66,"Black",2014,2,100,"NORTHAMPTON",20
"734",66,"Black",2016,3,131,"NORTHAMPTON",22.9007633587786
"735",66,"White",2014,1,60,"NORTHAMPTON",16.6666666666667
"736",67,"Black",2011,5,531,"ONSLOW",9.41619585687382
"737",67,"Black",2012,9,538,"ONSLOW",16.728624535316
"738",67,"Black",2013,12,540,"ONSLOW",22.2222222222222
"739",67,"Black",2014,9,595,"ONSLOW",15.1260504201681
"740",67,"Black",2015,6,533,"ONSLOW",11.2570356472795
"741",67,"Black",2016,9,478,"ONSLOW",18.8284518828452
"742",67,"Hispanic",2011,4,542,"ONSLOW",7.38007380073801
"743",67,"Hispanic",2012,5,554,"ONSLOW",9.02527075812274
"744",67,"Hispanic",2014,6,582,"ONSLOW",10.3092783505155
"745",67,"Hispanic",2015,3,588,"ONSLOW",5.10204081632653
"746",67,"Hispanic",2016,1,579,"ONSLOW",1.72711571675302
"747",67,"Other Non-White",2011,2,167,"ONSLOW",11.9760479041916
"748",67,"Other Non-White",2012,3,142,"ONSLOW",21.1267605633803
"749",67,"Other Non-White",2013,2,148,"ONSLOW",13.5135135135135
"750",67,"Other Non-White",2014,1,161,"ONSLOW",6.2111801242236
"751",67,"Other Non-White",2015,2,161,"ONSLOW",12.4223602484472
"752",67,"Other Non-White",2016,1,125,"ONSLOW",8
"753",67,"White",2011,20,3131,"ONSLOW",6.38773554774832
"754",67,"White",2012,17,3174,"ONSLOW",5.35601764335224
"755",67,"White",2013,15,3059,"ONSLOW",4.903563255966
"756",67,"White",2014,14,3029,"ONSLOW",4.62198745460548
"757",67,"White",2015,21,2891,"ONSLOW",7.26392251815981
"758",67,"White",2016,16,2777,"ONSLOW",5.76161325171048
"759",68,"Black",2011,5,193,"ORANGE",25.9067357512953
"760",68,"Black",2012,4,197,"ORANGE",20.3045685279188
"761",68,"Black",2014,2,183,"ORANGE",10.9289617486339
"762",68,"Black",2016,2,152,"ORANGE",13.1578947368421
"763",68,"Hispanic",2011,2,197,"ORANGE",10.1522842639594
"764",68,"Hispanic",2012,1,211,"ORANGE",4.739336492891
"765",68,"Hispanic",2014,1,180,"ORANGE",5.55555555555556
"766",68,"Hispanic",2015,2,177,"ORANGE",11.2994350282486
"767",68,"Hispanic",2016,3,197,"ORANGE",15.2284263959391
"768",68,"Other Non-White",2013,1,134,"ORANGE",7.46268656716418
"769",68,"White",2011,1,774,"ORANGE",1.29198966408269
"770",68,"White",2012,2,717,"ORANGE",2.78940027894003
"771",68,"White",2013,3,715,"ORANGE",4.1958041958042
"772",68,"White",2014,3,717,"ORANGE",4.18410041841004
"773",68,"White",2015,4,716,"ORANGE",5.58659217877095
"774",68,"White",2016,1,687,"ORANGE",1.45560407569141
"775",69,"Black",2014,1,15,"PAMLICO",66.6666666666667
"776",69,"Black",2015,1,15,"PAMLICO",66.6666666666667
"777",69,"White",2012,2,72,"PAMLICO",27.7777777777778
"778",69,"White",2013,1,58,"PAMLICO",17.2413793103448
"779",69,"White",2014,1,70,"PAMLICO",14.2857142857143
"780",7,"Black",2011,2,153,"BEAUFORT",13.0718954248366
"781",7,"Black",2012,1,137,"BEAUFORT",7.2992700729927
"782",7,"Black",2013,2,164,"BEAUFORT",12.1951219512195
"783",7,"Black",2014,6,148,"BEAUFORT",40.5405405405405
"784",7,"Black",2015,1,155,"BEAUFORT",6.45161290322581
"785",7,"Black",2016,2,135,"BEAUFORT",14.8148148148148
"786",7,"Hispanic",2015,2,65,"BEAUFORT",30.7692307692308
"787",7,"White",2011,1,247,"BEAUFORT",4.04858299595142
"788",7,"White",2012,3,287,"BEAUFORT",10.4529616724739
"789",7,"White",2013,3,241,"BEAUFORT",12.448132780083
"790",7,"White",2014,2,239,"BEAUFORT",8.36820083682008
"791",7,"White",2015,5,260,"BEAUFORT",19.2307692307692
"792",7,"White",2016,1,228,"BEAUFORT",4.3859649122807
"793",70,"Black",2011,1,188,"PASQUOTANK",5.31914893617021
"794",70,"Black",2012,1,167,"PASQUOTANK",5.98802395209581
"795",70,"Black",2013,2,168,"PASQUOTANK",11.9047619047619
"796",70,"Black",2014,2,209,"PASQUOTANK",9.56937799043062
"797",70,"Black",2015,4,221,"PASQUOTANK",18.0995475113122
"798",70,"Hispanic",2011,1,30,"PASQUOTANK",33.3333333333333
"799",70,"Hispanic",2015,1,31,"PASQUOTANK",32.258064516129
"800",70,"Hispanic",2016,1,40,"PASQUOTANK",25
"801",70,"White",2011,1,253,"PASQUOTANK",3.95256916996047
"802",70,"White",2012,1,269,"PASQUOTANK",3.71747211895911
"803",70,"White",2014,1,290,"PASQUOTANK",3.44827586206897
"804",70,"White",2016,2,253,"PASQUOTANK",7.90513833992095
"805",71,"Black",2011,2,100,"PENDER",20
"806",71,"Black",2012,1,80,"PENDER",12.5
"807",71,"Black",2013,4,105,"PENDER",38.0952380952381
"808",71,"Black",2014,3,98,"PENDER",30.6122448979592
"809",71,"Black",2015,2,97,"PENDER",20.6185567010309
"810",71,"Black",2016,2,94,"PENDER",21.2765957446809
"811",71,"Hispanic",2011,1,75,"PENDER",13.3333333333333
"812",71,"Hispanic",2012,1,90,"PENDER",11.1111111111111
"813",71,"Hispanic",2016,1,90,"PENDER",11.1111111111111
"814",71,"White",2012,1,410,"PENDER",2.4390243902439
"815",71,"White",2013,1,402,"PENDER",2.48756218905473
"816",71,"White",2014,1,454,"PENDER",2.20264317180617
"817",71,"White",2015,4,420,"PENDER",9.52380952380953
"818",71,"White",2016,3,458,"PENDER",6.55021834061135
"819",72,"White",2011,1,93,"PERQUIMANS",10.752688172043
"820",72,"White",2012,1,94,"PERQUIMANS",10.6382978723404
"821",72,"White",2013,1,106,"PERQUIMANS",9.43396226415094
"822",73,"Black",2011,3,115,"PERSON",26.0869565217391
"823",73,"Black",2012,4,115,"PERSON",34.7826086956522
"824",73,"Black",2013,2,109,"PERSON",18.348623853211
"825",73,"Black",2014,3,131,"PERSON",22.9007633587786
"826",73,"Black",2015,2,123,"PERSON",16.260162601626
"827",73,"Black",2016,1,122,"PERSON",8.19672131147541
"828",73,"White",2011,1,258,"PERSON",3.87596899224806
"829",73,"White",2013,2,290,"PERSON",6.89655172413793
"830",73,"White",2016,1,243,"PERSON",4.11522633744856
"831",74,"Black",2011,16,832,"PITT",19.2307692307692
"832",74,"Black",2012,17,887,"PITT",19.1657271702368
"833",74,"Black",2013,9,883,"PITT",10.1925254813137
"834",74,"Black",2014,15,900,"PITT",16.6666666666667
"835",74,"Black",2015,17,929,"PITT",18.2992465016146
"836",74,"Black",2016,17,870,"PITT",19.5402298850575
"837",74,"Hispanic",2011,1,199,"PITT",5.0251256281407
"838",74,"Hispanic",2013,1,196,"PITT",5.10204081632653
"839",74,"Hispanic",2014,3,191,"PITT",15.7068062827225
"840",74,"Hispanic",2016,1,171,"PITT",5.84795321637427
"841",74,"Other Non-White",2012,1,69,"PITT",14.4927536231884
"842",74,"Other Non-White",2014,1,63,"PITT",15.8730158730159
"843",74,"Other Non-White",2015,1,58,"PITT",17.2413793103448
"844",74,"White",2011,4,1043,"PITT",3.83509108341323
"845",74,"White",2012,7,1008,"PITT",6.94444444444444
"846",74,"White",2013,11,977,"PITT",11.2589559877175
"847",74,"White",2014,9,971,"PITT",9.26879505664264
"848",74,"White",2015,3,1011,"PITT",2.9673590504451
"849",74,"White",2016,8,924,"PITT",8.65800865800866
"850",75,"Hispanic",2014,1,12,"POLK",83.3333333333333
"851",75,"White",2014,1,129,"POLK",7.75193798449612
"852",75,"White",2015,1,116,"POLK",8.62068965517241
"853",75,"White",2016,1,113,"POLK",8.84955752212389
"854",76,"Black",2012,1,105,"RANDOLPH",9.52380952380953
"855",76,"Black",2013,1,117,"RANDOLPH",8.54700854700855
"856",76,"Black",2014,1,113,"RANDOLPH",8.84955752212389
"857",76,"Black",2015,1,93,"RANDOLPH",10.752688172043
"858",76,"Black",2016,3,133,"RANDOLPH",22.5563909774436
"859",76,"Hispanic",2011,2,333,"RANDOLPH",6.00600600600601
"860",76,"Hispanic",2013,2,301,"RANDOLPH",6.64451827242525
"861",76,"Hispanic",2014,1,295,"RANDOLPH",3.38983050847458
"862",76,"Hispanic",2015,2,282,"RANDOLPH",7.09219858156028
"863",76,"Hispanic",2016,2,300,"RANDOLPH",6.66666666666667
"864",76,"Other Non-White",2012,2,43,"RANDOLPH",46.5116279069767
"865",76,"Other Non-White",2013,1,28,"RANDOLPH",35.7142857142857
"866",76,"White",2011,4,1120,"RANDOLPH",3.57142857142857
"867",76,"White",2012,9,1171,"RANDOLPH",7.68573868488471
"868",76,"White",2013,9,1143,"RANDOLPH",7.8740157480315
"869",76,"White",2014,5,1161,"RANDOLPH",4.30663221360896
"870",76,"White",2015,10,1136,"RANDOLPH",8.80281690140845
"871",76,"White",2016,11,1115,"RANDOLPH",9.86547085201794
"872",77,"Black",2011,6,216,"RICHMOND",27.7777777777778
"873",77,"Black",2012,3,184,"RICHMOND",16.304347826087
"874",77,"Black",2013,2,191,"RICHMOND",10.4712041884817
"875",77,"Black",2014,1,157,"RICHMOND",6.36942675159236
"876",77,"Black",2015,5,190,"RICHMOND",26.3157894736842
"877",77,"Black",2016,2,187,"RICHMOND",10.6951871657754
"878",77,"Other Non-White",2013,1,23,"RICHMOND",43.4782608695652
"879",77,"White",2011,2,311,"RICHMOND",6.43086816720257
"880",77,"White",2012,4,267,"RICHMOND",14.9812734082397
"881",77,"White",2014,2,251,"RICHMOND",7.96812749003984
"882",77,"White",2015,1,295,"RICHMOND",3.38983050847458
"883",77,"White",2016,3,250,"RICHMOND",12
"884",78,"Black",2011,9,467,"ROBESON",19.271948608137
"885",78,"Black",2012,3,389,"ROBESON",7.7120822622108
"886",78,"Black",2013,7,438,"ROBESON",15.9817351598174
"887",78,"Black",2014,7,412,"ROBESON",16.9902912621359
"888",78,"Black",2015,6,427,"ROBESON",14.0515222482436
"889",78,"Black",2016,3,381,"ROBESON",7.8740157480315
"890",78,"Hispanic",2011,1,255,"ROBESON",3.92156862745098
"891",78,"Hispanic",2012,2,274,"ROBESON",7.2992700729927
"892",78,"Hispanic",2013,2,273,"ROBESON",7.32600732600733
"893",78,"Hispanic",2014,3,260,"ROBESON",11.5384615384615
"894",78,"Hispanic",2015,2,251,"ROBESON",7.96812749003984
"895",78,"Hispanic",2016,1,276,"ROBESON",3.6231884057971
"896",78,"Other Non-White",2011,8,834,"ROBESON",9.59232613908873
"897",78,"Other Non-White",2012,10,830,"ROBESON",12.0481927710843
"898",78,"Other Non-White",2013,13,839,"ROBESON",15.4946364719905
"899",78,"Other Non-White",2014,9,786,"ROBESON",11.4503816793893
"900",78,"Other Non-White",2015,4,796,"ROBESON",5.0251256281407
"901",78,"Other Non-White",2016,6,787,"ROBESON",7.62388818297332
"902",78,"White",2011,1,330,"ROBESON",3.03030303030303
"903",78,"White",2012,3,341,"ROBESON",8.79765395894428
"904",78,"White",2013,4,384,"ROBESON",10.4166666666667
"905",78,"White",2014,8,361,"ROBESON",22.1606648199446
"906",78,"White",2015,4,297,"ROBESON",13.4680134680135
"907",78,"White",2016,1,331,"ROBESON",3.02114803625378
"908",79,"Black",2011,4,166,"ROCKINGHAM",24.0963855421687
"909",79,"Black",2012,6,176,"ROCKINGHAM",34.0909090909091
"910",79,"Black",2013,6,201,"ROCKINGHAM",29.8507462686567
"911",79,"Black",2014,3,200,"ROCKINGHAM",15
"912",79,"Black",2015,2,187,"ROCKINGHAM",10.6951871657754
"913",79,"Black",2016,5,185,"ROCKINGHAM",27.027027027027
"914",79,"Hispanic",2011,1,88,"ROCKINGHAM",11.3636363636364
"915",79,"Hispanic",2015,1,82,"ROCKINGHAM",12.1951219512195
"916",79,"White",2011,6,620,"ROCKINGHAM",9.67741935483871
"917",79,"White",2012,7,654,"ROCKINGHAM",10.7033639143731
"918",79,"White",2013,3,640,"ROCKINGHAM",4.6875
"919",79,"White",2014,2,642,"ROCKINGHAM",3.11526479750779
"920",79,"White",2015,5,628,"ROCKINGHAM",7.96178343949045
"921",79,"White",2016,7,649,"ROCKINGHAM",10.7858243451464
"922",8,"Black",2012,3,122,"BERTIE",24.5901639344262
"923",8,"Black",2013,2,126,"BERTIE",15.8730158730159
"924",8,"Black",2014,2,122,"BERTIE",16.3934426229508
"925",8,"Black",2015,4,118,"BERTIE",33.8983050847458
"926",8,"Black",2016,2,133,"BERTIE",15.0375939849624
"927",8,"White",2016,1,51,"BERTIE",19.6078431372549
"928",80,"Black",2011,3,241,"ROWAN",12.448132780083
"929",80,"Black",2012,2,266,"ROWAN",7.5187969924812
"930",80,"Black",2013,3,292,"ROWAN",10.2739726027397
"931",80,"Black",2014,6,296,"ROWAN",20.2702702702703
"932",80,"Black",2015,3,318,"ROWAN",9.43396226415094
"933",80,"Black",2016,5,298,"ROWAN",16.7785234899329
"934",80,"Hispanic",2012,1,215,"ROWAN",4.65116279069767
"935",80,"Hispanic",2014,1,210,"ROWAN",4.76190476190476
"936",80,"Hispanic",2015,1,228,"ROWAN",4.3859649122807
"937",80,"Hispanic",2016,1,218,"ROWAN",4.58715596330275
"938",80,"White",2011,6,1048,"ROWAN",5.72519083969466
"939",80,"White",2012,6,1062,"ROWAN",5.64971751412429
"940",80,"White",2013,5,995,"ROWAN",5.0251256281407
"941",80,"White",2014,10,1017,"ROWAN",9.83284169124877
"942",80,"White",2015,7,1016,"ROWAN",6.88976377952756
"943",80,"White",2016,8,1102,"ROWAN",7.25952813067151
"944",81,"Black",2012,1,72,"RUTHERFORD ",13.8888888888889
"945",81,"Black",2013,1,89,"RUTHERFORD ",11.2359550561798
"946",81,"Black",2015,2,81,"RUTHERFORD ",24.6913580246914
"947",81,"Hispanic",2012,1,50,"RUTHERFORD ",20
"948",81,"Hispanic",2013,2,40,"RUTHERFORD ",50
"949",81,"Hispanic",2016,1,47,"RUTHERFORD ",21.2765957446809
"950",81,"Other Non-White",2016,1,9,"RUTHERFORD ",111.111111111111
"951",81,"White",2011,6,558,"RUTHERFORD ",10.752688172043
"952",81,"White",2012,2,541,"RUTHERFORD ",3.69685767097967
"953",81,"White",2013,3,527,"RUTHERFORD ",5.69259962049336
"954",81,"White",2014,4,530,"RUTHERFORD ",7.54716981132075
"955",81,"White",2015,3,549,"RUTHERFORD ",5.46448087431694
"956",81,"White",2016,2,529,"RUTHERFORD ",3.78071833648393
"957",82,"Black",2011,7,201,"SAMPSON",34.8258706467662
"958",82,"Black",2012,2,210,"SAMPSON",9.52380952380953
"959",82,"Black",2013,2,200,"SAMPSON",10
"960",82,"Black",2014,1,196,"SAMPSON",5.10204081632653
"961",82,"Black",2015,4,184,"SAMPSON",21.7391304347826
"962",82,"Black",2016,2,198,"SAMPSON",10.1010101010101
"963",82,"Hispanic",2011,2,307,"SAMPSON",6.51465798045603
"964",82,"Hispanic",2012,1,300,"SAMPSON",3.33333333333333
"965",82,"Hispanic",2013,1,294,"SAMPSON",3.40136054421769
"966",82,"Hispanic",2014,1,297,"SAMPSON",3.36700336700337
"967",82,"Other Non-White",2016,2,36,"SAMPSON",55.5555555555556
"968",82,"White",2011,4,309,"SAMPSON",12.9449838187702
"969",82,"White",2012,3,326,"SAMPSON",9.20245398773006
"970",82,"White",2013,2,338,"SAMPSON",5.91715976331361
"971",82,"White",2014,1,329,"SAMPSON",3.03951367781155
"972",82,"White",2015,1,320,"SAMPSON",3.125
"973",82,"White",2016,2,331,"SAMPSON",6.04229607250755
"974",83,"Black",2011,4,210,"SCOTLAND",19.0476190476191
"975",83,"Black",2012,6,209,"SCOTLAND",28.7081339712919
"976",83,"Black",2014,1,214,"SCOTLAND",4.67289719626168
"977",83,"Black",2015,3,204,"SCOTLAND",14.7058823529412
"978",83,"Black",2016,2,211,"SCOTLAND",9.47867298578199
"979",83,"Hispanic",2013,1,11,"SCOTLAND",90.9090909090909
"980",83,"Other Non-White",2012,1,85,"SCOTLAND",11.7647058823529
"981",83,"Other Non-White",2014,1,72,"SCOTLAND",13.8888888888889
"982",83,"Other Non-White",2016,2,85,"SCOTLAND",23.5294117647059
"983",83,"White",2011,3,162,"SCOTLAND",18.5185185185185
"984",83,"White",2013,1,147,"SCOTLAND",6.80272108843537
"985",83,"White",2014,3,142,"SCOTLAND",21.1267605633803
"986",83,"White",2015,1,145,"SCOTLAND",6.89655172413793
"987",84,"Black",2011,1,84,"STANLY",11.9047619047619
"988",84,"Black",2012,2,104,"STANLY",19.2307692307692
"989",84,"Black",2013,3,92,"STANLY",32.6086956521739
"990",84,"Black",2014,2,104,"STANLY",19.2307692307692
"991",84,"Black",2015,4,117,"STANLY",34.1880341880342
"992",84,"Black",2016,2,98,"STANLY",20.4081632653061
"993",84,"White",2011,1,492,"STANLY",2.03252032520325
"994",84,"White",2012,3,465,"STANLY",6.45161290322581
"995",84,"White",2013,1,482,"STANLY",2.0746887966805
"996",84,"White",2014,2,540,"STANLY",3.7037037037037
"997",84,"White",2015,3,494,"STANLY",6.07287449392713
"998",84,"White",2016,2,517,"STANLY",3.86847195357834
"999",85,"Other Non-White",2016,1,3,"STOKES",333.333333333333
"1000",85,"White",2011,5,369,"STOKES",13.550135501355
"1001",85,"White",2012,1,375,"STOKES",2.66666666666667
"1002",85,"White",2013,4,349,"STOKES",11.4613180515759
"1003",85,"White",2014,2,376,"STOKES",5.31914893617021
"1004",85,"White",2015,1,373,"STOKES",2.68096514745308
"1005",85,"White",2016,3,339,"STOKES",8.84955752212389
"1006",86,"Black",2014,1,26,"SURRY",38.4615384615385
"1007",86,"Hispanic",2013,2,121,"SURRY",16.5289256198347
"1008",86,"Hispanic",2015,2,150,"SURRY",13.3333333333333
"1009",86,"White",2011,7,588,"SURRY",11.9047619047619
"1010",86,"White",2012,3,604,"SURRY",4.96688741721854
"1011",86,"White",2013,3,564,"SURRY",5.31914893617021
"1012",86,"White",2014,3,577,"SURRY",5.19930675909879
"1013",86,"White",2015,3,559,"SURRY",5.36672629695885
"1014",86,"White",2016,4,537,"SURRY",7.4487895716946
"1015",87,"Hispanic",2011,1,8,"SWAIN",125
"1016",87,"Other Non-White",2011,1,78,"SWAIN",12.8205128205128
"1017",87,"Other Non-White",2012,1,86,"SWAIN",11.6279069767442
"1018",87,"Other Non-White",2013,1,87,"SWAIN",11.4942528735632
"1019",87,"Other Non-White",2014,2,91,"SWAIN",21.978021978022
"1020",87,"Other Non-White",2015,1,84,"SWAIN",11.9047619047619
"1021",87,"White",2011,2,110,"SWAIN",18.1818181818182
"1022",87,"White",2012,1,91,"SWAIN",10.989010989011
"1023",87,"White",2014,1,96,"SWAIN",10.4166666666667
"1024",88,"Black",2012,1,12,"TRANSYLVANIA",83.3333333333333
"1025",88,"White",2011,2,228,"TRANSYLVANIA",8.7719298245614
"1026",88,"White",2012,2,209,"TRANSYLVANIA",9.56937799043062
"1027",88,"White",2013,2,253,"TRANSYLVANIA",7.90513833992095
"1028",88,"White",2014,1,248,"TRANSYLVANIA",4.03225806451613
"1029",88,"White",2015,1,234,"TRANSYLVANIA",4.27350427350427
"1030",89,"Hispanic",2013,1,6,"TYRELL",166.666666666667
"1031",89,"White",2014,1,23,"TYRELL",43.4782608695652
"1032",9,"Black",2011,1,131,"BLADEN",7.63358778625954
"1033",9,"Black",2012,1,127,"BLADEN",7.8740157480315
"1034",9,"Black",2013,3,134,"BLADEN",22.3880597014925
"1035",9,"Black",2014,1,145,"BLADEN",6.89655172413793
"1036",9,"Black",2015,1,127,"BLADEN",7.8740157480315
"1037",9,"Black",2016,5,119,"BLADEN",42.0168067226891
"1038",9,"Hispanic",2011,1,52,"BLADEN",19.2307692307692
"1039",9,"Hispanic",2015,1,50,"BLADEN",20
"1040",9,"Other Non-White",2013,1,17,"BLADEN",58.8235294117647
"1041",9,"Other Non-White",2015,1,15,"BLADEN",66.6666666666667
"1042",9,"White",2011,1,147,"BLADEN",6.80272108843537
"1043",9,"White",2012,2,170,"BLADEN",11.7647058823529
"1044",9,"White",2013,2,170,"BLADEN",11.7647058823529
"1045",9,"White",2014,1,162,"BLADEN",6.17283950617284
"1046",90,"Black",2011,4,321,"UNION",12.4610591900312
"1047",90,"Black",2012,5,359,"UNION",13.9275766016713
"1048",90,"Black",2013,7,353,"UNION",19.8300283286119
"1049",90,"Black",2014,5,319,"UNION",15.6739811912226
"1050",90,"Black",2015,2,308,"UNION",6.49350649350649
"1051",90,"Black",2016,3,311,"UNION",9.64630225080386
"1052",90,"Hispanic",2011,7,461,"UNION",15.1843817787419
"1053",90,"Hispanic",2012,4,453,"UNION",8.83002207505519
"1054",90,"Hispanic",2014,3,392,"UNION",7.6530612244898
"1055",90,"Hispanic",2015,3,443,"UNION",6.77200902934537
"1056",90,"Hispanic",2016,3,442,"UNION",6.78733031674208
"1057",90,"Other Non-White",2012,1,64,"UNION",15.625
"1058",90,"Other Non-White",2014,1,78,"UNION",12.8205128205128
"1059",90,"Other Non-White",2016,1,71,"UNION",14.0845070422535
"1060",90,"White",2011,1,1529,"UNION",0.65402223675605
"1061",90,"White",2012,4,1506,"UNION",2.65604249667995
"1062",90,"White",2013,4,1474,"UNION",2.71370420624152
"1063",90,"White",2014,5,1589,"UNION",3.14663310258024
"1064",90,"White",2015,7,1520,"UNION",4.60526315789474
"1065",90,"White",2016,5,1592,"UNION",3.14070351758794
"1066",91,"Black",2011,3,328,"VANCE",9.14634146341463
"1067",91,"Black",2012,1,356,"VANCE",2.80898876404494
"1068",91,"Black",2013,8,305,"VANCE",26.2295081967213
"1069",91,"Black",2014,3,299,"VANCE",10.0334448160535
"1070",91,"Black",2016,3,287,"VANCE",10.4529616724739
"1071",91,"Hispanic",2011,1,75,"VANCE",13.3333333333333
"1072",91,"Other Non-White",2013,1,4,"VANCE",250
"1073",91,"Other Non-White",2014,1,5,"VANCE",200
"1074",91,"White",2012,2,152,"VANCE",13.1578947368421
"1075",91,"White",2013,1,193,"VANCE",5.18134715025907
"1076",91,"White",2015,1,143,"VANCE",6.99300699300699
"1077",92,"Black",2011,42,2845,"WAKE  ",14.7627416520211
"1078",92,"Black",2012,44,2755,"WAKE  ",15.9709618874773
"1079",92,"Black",2013,27,2901,"WAKE  ",9.3071354705274
"1080",92,"Black",2014,27,2794,"WAKE  ",9.66356478167502
"1081",92,"Black",2015,33,2888,"WAKE  ",11.4265927977839
"1082",92,"Black",2016,38,2783,"WAKE  ",13.6543298598635
"1083",92,"Hispanic",2011,10,1960,"WAKE  ",5.10204081632653
"1084",92,"Hispanic",2012,7,1983,"WAKE  ",3.53000504286435
"1085",92,"Hispanic",2013,9,1897,"WAKE  ",4.74433315761729
"1086",92,"Hispanic",2014,10,1930,"WAKE  ",5.18134715025907
"1087",92,"Hispanic",2015,9,1993,"WAKE  ",4.51580531861515
"1088",92,"Hispanic",2016,7,2029,"WAKE  ",3.44997535731888
"1089",92,"Other Non-White",2011,8,985,"WAKE  ",8.12182741116751
"1090",92,"Other Non-White",2012,4,1020,"WAKE  ",3.92156862745098
"1091",92,"Other Non-White",2013,4,1036,"WAKE  ",3.86100386100386
"1092",92,"Other Non-White",2014,1,1147,"WAKE  ",0.871839581517001
"1093",92,"Other Non-White",2015,4,1151,"WAKE  ",3.47523892267593
"1094",92,"Other Non-White",2016,5,1324,"WAKE  ",3.77643504531722
"1095",92,"White",2011,31,6668,"WAKE  ",4.64907018596281
"1096",92,"White",2012,32,6551,"WAKE  ",4.88475041978324
"1097",92,"White",2013,23,6605,"WAKE  ",3.48221044663134
"1098",92,"White",2014,21,6764,"WAKE  ",3.10467179183915
"1099",92,"White",2015,27,6835,"WAKE  ",3.95025603511339
"1100",92,"White",2016,21,6883,"WAKE  ",3.05099520557896
"1101",93,"Black",2012,1,104,"WARREN ",9.61538461538462
"1102",93,"Black",2014,4,109,"WARREN ",36.697247706422
"1103",93,"Black",2015,1,114,"WARREN ",8.7719298245614
"1104",93,"Black",2016,1,106,"WARREN ",9.43396226415094
"1105",93,"Other Non-White",2016,1,9,"WARREN ",111.111111111111
"1106",93,"White",2011,1,57,"WARREN ",17.5438596491228
"1107",93,"White",2012,1,45,"WARREN ",22.2222222222222
"1108",93,"White",2015,1,51,"WARREN ",19.6078431372549
"1109",94,"Black",2011,1,80,"WASHINGTON",12.5
"1110",94,"Black",2015,2,71,"WASHINGTON",28.169014084507
"1111",94,"Black",2016,1,81,"WASHINGTON",12.3456790123457
"1112",94,"White",2016,2,37,"WASHINGTON",54.0540540540541
"1113",95,"Black",2013,1,8,"WATAUGA",125
"1114",95,"Black",2015,1,3,"WATAUGA",333.333333333333
"1115",95,"White",2011,1,318,"WATAUGA",3.14465408805031
"1116",95,"White",2013,1,303,"WATAUGA",3.3003300330033
"1117",95,"White",2014,1,334,"WATAUGA",2.9940119760479
"1118",95,"White",2015,2,318,"WATAUGA",6.28930817610063
"1119",95,"White",2016,1,330,"WATAUGA",3.03030303030303
"1120",96,"Black",2011,11,568,"WAYNE",19.3661971830986
"1121",96,"Black",2012,10,556,"WAYNE",17.9856115107914
"1122",96,"Black",2013,3,571,"WAYNE",5.25394045534151
"1123",96,"Black",2014,4,544,"WAYNE",7.35294117647059
"1124",96,"Black",2015,8,525,"WAYNE",15.2380952380952
"1125",96,"Black",2016,5,485,"WAYNE",10.3092783505155
"1126",96,"Hispanic",2011,2,308,"WAYNE",6.49350649350649
"1127",96,"Hispanic",2013,1,321,"WAYNE",3.11526479750779
"1128",96,"Hispanic",2014,1,328,"WAYNE",3.04878048780488
"1129",96,"Hispanic",2015,1,326,"WAYNE",3.06748466257669
"1130",96,"Hispanic",2016,2,315,"WAYNE",6.34920634920635
"1131",96,"White",2011,7,822,"WAYNE",8.51581508515815
"1132",96,"White",2012,7,843,"WAYNE",8.30367734282325
"1133",96,"White",2013,4,789,"WAYNE",5.06970849176172
"1134",96,"White",2014,2,803,"WAYNE",2.4906600249066
"1135",96,"White",2015,4,749,"WAYNE",5.34045393858478
"1136",96,"White",2016,2,801,"WAYNE",2.49687890137328
"1137",97,"Black",2012,1,28,"WILKES  ",35.7142857142857
"1138",97,"Black",2013,1,34,"WILKES  ",29.4117647058824
"1139",97,"Black",2016,1,20,"WILKES  ",50
"1140",97,"Hispanic",2011,2,77,"WILKES  ",25.974025974026
"1141",97,"Hispanic",2012,1,84,"WILKES  ",11.9047619047619
"1142",97,"Hispanic",2015,2,97,"WILKES  ",20.6185567010309
"1143",97,"Hispanic",2016,1,76,"WILKES  ",13.1578947368421
"1144",97,"White",2011,6,570,"WILKES  ",10.5263157894737
"1145",97,"White",2012,4,575,"WILKES  ",6.95652173913044
"1146",97,"White",2013,6,523,"WILKES  ",11.472275334608
"1147",97,"White",2014,6,565,"WILKES  ",10.6194690265487
"1148",97,"White",2015,3,585,"WILKES  ",5.12820512820513
"1149",97,"White",2016,5,587,"WILKES  ",8.51788756388416
"1150",98,"Black",2011,7,466,"WILSON",15.0214592274678
"1151",98,"Black",2012,5,389,"WILSON",12.853470437018
"1152",98,"Black",2013,4,404,"WILSON",9.9009900990099
"1153",98,"Black",2014,2,404,"WILSON",4.95049504950495
"1154",98,"Black",2015,11,417,"WILSON",26.378896882494
"1155",98,"Black",2016,4,379,"WILSON",10.5540897097625
"1156",98,"Hispanic",2012,3,175,"WILSON",17.1428571428571
"1157",98,"Hispanic",2014,1,153,"WILSON",6.5359477124183
"1158",98,"Hispanic",2015,1,192,"WILSON",5.20833333333333
"1159",98,"Hispanic",2016,1,179,"WILSON",5.58659217877095
"1160",98,"Other Non-White",2012,1,21,"WILSON",47.6190476190476
"1161",98,"Other Non-White",2014,1,11,"WILSON",90.9090909090909
"1162",98,"White",2012,5,333,"WILSON",15.015015015015
"1163",98,"White",2013,2,350,"WILSON",5.71428571428571
"1164",98,"White",2015,2,347,"WILSON",5.76368876080692
"1165",98,"White",2016,2,380,"WILSON",5.26315789473684
"1166",99,"Black",2014,1,10,"YADKIN  ",100
"1167",99,"Hispanic",2014,2,63,"YADKIN  ",31.7460317460317
"1168",99,"Hispanic",2015,1,79,"YADKIN  ",12.6582278481013
"1169",99,"White",2011,2,284,"YADKIN  ",7.04225352112676
"1170",99,"White",2012,3,318,"YADKIN  ",9.43396226415094
"1171",99,"White",2013,3,313,"YADKIN  ",9.58466453674121
"1172",99,"White",2015,2,296,"YADKIN  ",6.75675675675676
"1173",99,"White",2016,3,306,"YADKIN  ",9.80392156862745
